{"features": [[0.046775907593425974, 1.0, 0.0, 0.0], [0.12182209294442721, 1.0, 3.0, 0.0], [0.154078274206749, 0.0, 0.0, 0.0], [0.0896459413891281, 1.0, 1.0, 0.0], [0.21994736613296645, 1.0, 0.0, 0.0], [0.548534551233648, 0.0, 1.0, 1.0], [0.3714573505806601, 1.0, 1.0, 0.0], [0.5495519154160995, 0.0, 0.0, 1.0], [0.12231748767178577, 0.0, 0.0, 0.0], [0.39262977863040405, 0.0, 0.0, 0.0], [0.022937095210472668, 0.0, 0.0, 0.0], [0.39733902477370725, 0.0, 1.0, 0.0], [0.46228167207810045, 1.0, 0.0, 0.0], [0.18810581723347786, 1.0, 0.0, 0.0], [0.30054531480423763, 1.0, 0.0, 0.0], [0.41069855377472625, 0.0, 3.0, 0.0], [0.10741665443749128, 0.0, 4.0, 0.0], [0.1192765439283018, 1.0, 0.0, 0.0], [0.14553947866539718, 0.0, 1.0, 0.0], [0.4001901992306738, 0.0, 1.0, 0.0], [0.34644455738682706, 1.0, 1.0, 0.0], [0.36719227144398864, 0.0, 0.0, 0.0], [0.11414067678317688, 0.0, 0.0, 0.0], [0.22645135153904475, 0.0, 0.0, 0.0], [0.3245843315751403, 0.0, 2.0, 0.0], [0.7577354046010952, 1.0, 1.0, 1.0], [0.0034147565871859484, 0.0, 3.0, 0.0], [0.12421772279594144, 1.0, 4.0, 0.0], [0.14891544958055003, 1.0, 0.0, 0.0], [0.2595090409961486, 0.0, 0.0, 0.0], [0.05748188285604213, 0.0, 0.0, 0.0], [0.18297124056833786, 0.0, 3.0, 0.0]], "target_probs": [[[[0.055722991590360094, 0.9442770084096399], [0.0, 0.0]], [[0.0, 0.0], [0.005722991590360087, 0.99427700840964]]], [[[0.22810295592590935, 0.7718970440740907], [0.0, 0.0]], [[0.0, 0.0], [0.17810295592590936, 0.8218970440740907]]], [[[0.1413734133197304, 0.8586265866802696], [0.0, 0.0]], [[0.0, 0.0], [0.09137341331973042, 0.9086265866802696]]], [[[0.12785544495073686, 0.8721445550492631], [0.0, 0.0]], [[0.0, 0.0], [0.07785544495073692, 0.9221445550492631]]], [[[0.09945119460242113, 0.9005488053975789], [0.0, 0.0]], [[0.0, 0.0], [0.04945119460242127, 0.9505488053975787]]], [[[0.5729578981665837, 0.42704210183341623], [0.0, 0.0]], [[0.0, 0.0], [0.5229578981665838, 0.4770421018334162]]], [[[0.15752373782540707, 0.8424762621745929], [0.0, 0.0]], [[0.0, 0.0], [0.1075237378254071, 0.8924762621745929]]], [[[0.5098651697892813, 0.49013483021071863], [0.0, 0.0]], [[0.0, 0.0], [0.4598651697892815, 0.5401348302107185]]], [[[0.11557080858583502, 0.884429191414165], [0.0, 0.0]], [[0.0, 0.0], [0.06557080858583506, 0.9344291914141649]]], [[[0.16513702004000608, 0.8348629799599939], [0.0, 0.0]], [[0.0, 0.0], [0.11513702004000613, 0.8848629799599939]]], [[[0.11291616012696215, 0.8870838398730378], [0.0, 0.0]], [[0.0, 0.0], [0.06291616012696219, 0.9370838398730378]]], [[[0.21785122289266945, 0.7821487771073306], [0.0, 0.0]], [[0.0, 0.0], [0.16785122289266952, 0.8321487771073305]]], [[[0.14104096624890883, 0.8589590337510912], [0.0, 0.0]], [[0.0, 0.0], [0.09104096624890891, 0.9089590337510911]]], [[[0.0973325018341954, 0.9026674981658046], [0.0, 0.0]], [[0.0, 0.0], [0.04733250183419531, 0.9526674981658046]]], [[[0.10082697446292455, 0.8991730255370755], [0.0, 0.0]], [[0.0, 0.0], [0.0508269744629245, 0.9491730255370755]]], [[[0.31801905022935983, 0.6819809497706402], [0.0, 0.0]], [[0.0, 0.0], [0.2680190502293599, 0.7319809497706401]]], [[[0.21571481323267083, 0.7842851867673292], [0.0, 0.0]], [[0.0, 0.0], [0.1657148132326709, 0.8342851867673291]]], [[[0.0409601814136914, 0.9590398185863086], [0.0, 0.0]], [[0.0, 0.0], [0.0, 1.0]]], [[[0.15911324123631787, 0.8408867587636821], [0.0, 0.0]], [[0.0, 0.0], [0.1091132412363179, 0.8908867587636821]]], [[[0.21281317139339795, 0.787186828606602], [0.0, 0.0]], [[0.0, 0.0], [0.16281317139339796, 0.837186828606602]]], [[[0.14275497034728135, 0.8572450296527186], [0.0, 0.0]], [[0.0, 0.0], [0.09275497034728136, 0.9072450296527186]]], [[[0.17963984670682043, 0.8203601532931796], [0.0, 0.0]], [[0.0, 0.0], [0.1296398467068204, 0.8703601532931796]]], [[[0.13862345935279274, 0.8613765406472073], [0.0, 0.0]], [[0.0, 0.0], [0.08862345935279267, 0.9113765406472073]]], [[[0.14471372299161633, 0.8552862770083837], [0.0, 0.0]], [[0.0, 0.0], [0.09471372299161636, 0.9052862770083836]]], [[[0.28614443621209107, 0.7138555637879089], [0.0, 0.0]], [[0.0, 0.0], [0.23614443621209108, 0.763855563787909]]], [[[0.5496796300664962, 0.4503203699335038], [0.0, 0.0]], [[0.0, 0.0], [0.4996796300664963, 0.5003203699335037]]], [[[0.26526390815569534, 0.7347360918443047], [0.0, 0.0]], [[0.0, 0.0], [0.21526390815569535, 0.7847360918443047]]], [[[0.20913748589036407, 0.7908625141096359], [0.0, 0.0]], [[0.0, 0.0], [0.1591374858903641, 0.8408625141096359]]], [[[0.07762845054334999, 0.92237154945665], [0.0, 0.0]], [[0.0, 0.0], [0.027628450543350093, 0.9723715494566499]]], [[[0.14539082818974236, 0.8546091718102576], [0.0, 0.0]], [[0.0, 0.0], [0.09539082818974234, 0.9046091718102577]]], [[[0.12811289328102016, 0.8718871067189798], [0.0, 0.0]], [[0.0, 0.0], [0.07811289328102017, 0.9218871067189798]]], [[[0.30401396512382683, 0.6959860348761732], [0.0, 0.0]], [[0.0, 0.0], [0.2540139651238269, 0.7459860348761731]]]]}